Joc,Abe,Joe,Lil,,Jat
Len,Mat,Eli,,,Tom
Buz,Ted,Sal,,Lyn,Jan
Joc,Bud,Sal,Lou,Les,Jat
,Bud,Liz,Lil,Edd,Sam
Joc,Uma,,Lil,Zac,Tom
,Bob,Dee,Ira,,
Ula,Mat,,,Zen,Sid
Doc,Ted,Eli,Boo,,Sam
Len,Sol,,,Sue,Jed
Buz,Bud,Bea,Zoe,Zac,Jed
Doc,Ted,,Dee,,
,,Dee,,Zac,Tom
,Sol,Bea,Dee,,Sam
Doc,Uma,Eli,Lil,Ben,Jan
Ula,Tim,Eli,Boo,Les,
Jim,Uma,Eli,Lou,,Jan
Len,Tim,Sal,Jon,Zen,Jat
Ula,Ted,,Boo,Edd,Sid
,Abe,Eli,Jon,,Sam
Jim,Sol,Eli,Jon,,Jan
Buz,Ida,Liz,Jon,Sue,Amy
Joc,Mat,,Dee,Ben,Tom
Jim,Ida,,Dee,Edd,Rob
Len,Abe,,,Les,Tom
,Sol,Eli,Boo,Sue,Jat
Buz,Mat,Sal,Jon,Zen,Tom
,Ida,Joe,,Sue,Tom
Jim,Uma,Eli,Zoe,Edd,Jat
,Bob,Sal,,,Jan
Ula,Abe,Joe,Ira,Les,Sam
Len,,Gay,Zoe,Lyn,Jed
Buz,Mat,Dee,Dee,,Jat
Doc,,Dee,,,
Ula,Ida,Sal,Jon,,Tom
Doc,Uma,Sal,Dee,Zen,Jed
,Uma,Sol,Lou,Sue,Jan
Buz,Tim,Sal,Lil,Edd,Amy
Ola,Abe,Gay,Boo,Zac,Rob
Doc,Ted,Eli,Lou,,Tom
,Mat,Sol,Zoe,,Sue
Ula,Abe,Gay,Lil,Ben,Sid
Jim,Bud,Bea,Lil,Lyn,Sid
Ula,,Eli,Zoe,,Jed
Jim,Ida,Gay,Zoe,Les,Amy
,Bud,Bea,Lou,Zen,
Doc,Ted,Joe,Lil,,Tom
Ula,Mat,Liz,Ira,Lyn,Jan
,Abe,Dee,Dee,Zen,Tom
,Bob,Sol,Boo,Les,Sid
,Tim,,Ira,Zac,Sam
Buz,Bud,Sol,Ira,,Sue
Joc,,Dee,,Sue,Rob
Ida,Mat,Liz,Lil,Lyn,Sue
Joc,,Eli,Dee,,Sam
,Uma,,Ira,Les,Jed
Jim,Uma,Oma,Jon,,Jed
Len,Uma,Dee,,Zac,Jat
Jim,Ida,Sal,Lil,,Sam
Ola,Ida,Joe,Lou,Zac,Tom
Doc,Ida,Joe,,Ben,Jat
Buz,Mat,Sal,Zoe,,Jed
Ida,Bud,Sol,Dee,,
Buz,Abe,,Jon,Zen,Jan
Buz,Ted,Dee,Boo,,Amy
Buz,Mat,Bea,Dee,,Amy
Doc,Abe,Gay,Lil,,Sue
Ida,Bud,Dee,Boo,Zac,
,Abe,Sol,Ira,,Jan
Joc,Mat,,Ira,Lyn,Jat
Jim,Ted,Gay,Boo,,Sam
Ida,Sol,Sal,Dee,,Sue
Doc,Ted,Oma,,Sue,Sue
Joc,Mat,Gay,,Ben,
Buz,Abe,Oma,Zoe,Sue,Jat
,Sol,Sal,Dee,Edd,Jan
Ida,Tim,Gay,Ira,Edd,
,Tim,,Ira,Ben,Sam
,Ted,Sal,Lil,Ben,Jan
,Sol,Gay,Jen,Sue,Jat
Ula,Ida,Joe,Jon,Zac,Sam
,Sol,Bea,Lil,Ben,
Ola,Mat,Bea,,Zen,Rob
,Mat,Oma,Lil,Lyn,Rob
Doc,Bud,Sal,,,Sue
,Sol,Gay,Ira,Edd,Sue
Jim,Abe,Dee,Lil,,Rob
,Sol,Gay,Boo,Zac,Jat
Ida,Ted,Oma,,,Jed
,Ida,Bea,Jon,Zac,Rob
Ola,Mat,Joe,Lou,Ben,
Doc,Mat,Sal,Lil,,Sue
Jim,Uma,Joe,Lil,Lyn,Amy
Len,Ted,Sol,Lil,,Tom
Ida,Ted,Gay,Lil,Sue,Jan
Joc,Tim,Oma,Dee,Zac,Jed
Len,Tim,Sal,Jen,,Rob
Len,,Joe,Boo,,Tom
Ula,Bud,Gay,Zoe,Sue,Jat
Ola,Ted,,Jen,Sue,Tom
Ula,Uma,,Lou,,Jat
Buz,,Eli,Jen,Sue,Jat
Ola,Bud,Eli,Jen,Ben,Jed
,Ted,Joe,Boo,,Jan
Len,Abe,Oma,,Ben,Sam
,Bob,Gay,,Edd,Tom
Len,Bob,Sol,Ira,Lyn,Rob
Ida,Uma,Oma,Zoe,Zac,Amy
Jim,Sol,Bea,,Sue,Jat
Ola,Mat,Eli,Jen,Zen,Jat
Doc,Uma,Joe,Dee,Edd,Jat
Buz,Ted,Sal,Ira,Zac,
Doc,Tim,Eli,Jon,Sue,Sam
,Tim,Joe,Ira,Les,
Doc,Tim,Sol,Jon,Zac,Jan
Buz,Bob,Eli,Jen,Zac,Jed
Ola,Ida,Dee,Dee,Edd,
Jim,Uma,,Lou,Lyn,Sue
Joc,Bud,Sol,Dee,Zac,Sue
Ula,Tim,Dee,Jen,Les,Rob
Joc,Ida,Bea,,Ben,Tom
Ola,Uma,Joe,Dee,,Tom
Doc,Bud,Dee,,Les,Sue
Buz,Bob,,,,Rob
Buz,Sol,,Boo,Ben,Sue
Ola,Bob,Sal,Lou,Ben,Tom
,Abe,Dee,Ira,,Jan
Doc,Mat,Gay,,Zen,Sue
,Bob,Dee,Lil,Sue,Sid
Jim,,Gay,Lou,,Tom
,,Dee,Jen,Zac,Sid
Ola,Bob,Gay,Lou,Edd,Tom
Joc,Bob,Gay,Lou,Edd,Sue
Buz,Tim,Joe,Zoe,,Tom
Jim,Sol,Liz,Zoe,Sue,
Doc,Ted,Oma,,Zen,Sid
Ula,Bud,Liz,Jen,Ben,Rob
Len,Bob,Liz,Zoe,Lyn,Sam
,Ted,Bea,Ira,Sue,Jed
,Bud,Liz,Boo,Zac,Rob
Ula,Mat,Joe,Jon,Les,Sid
Ida,,Oma,Jon,,Sam
Joc,Bud,,Lou,,Jat
Len,,Oma,Jon,Sue,Jan
Jim,Ida,Dee,Jen,Zac,Sam
Joc,Mat,Sal,,Les,Sid
Jim,Bud,Joe,Zoe,Ben,Amy
Ola,Sol,Liz,Jon,Zen,Jat
Ida,Tim,Dee,,Edd,Sam
Jim,Bob,Liz,,Edd,Amy
Ola,Mat,Sal,Boo,,Sam
Doc,Bud,Liz,Ira,,Amy
Ula,Sol,Sal,Jon,Edd,Jan
Ida,Abe,Bea,Jen,Les,Jed
Len,Tim,Bea,Boo,,Sue
Ola,Ida,,,Edd,Sue
Joc,Bob,Sol,Boo,Les,Sam
Ola,Bob,,Dee,Zen,Sid
Jim,Abe,Oma,Lil,,
Jim,Sol,Sol,Zoe,Lyn,Tom
Ola,Mat,Joe,Jen,,Tom
Ida,Ted,Joe,Jen,Lyn,Sam
Jim,Sol,Dee,Zoe,Les,Rob
,Mat,Eli,Boo,Edd,
Ola,,Sol,Ira,Les,
Ida,Abe,Eli,Boo,Zac,
Ida,Bud,Gay,,,Sam
Buz,Tim,Liz,Jen,Sue,Jan
,Ted,Bea,Boo,Zen,
Jim,Bud,Liz,Boo,Les,Jed
Doc,,,Lou,,
Joc,Bob,Sal,Lil,Les,Jat
,Abe,Liz,Boo,,Tom
Joc,Ted,Joe,Boo,Les,Sid
,Ida,Sal,Boo,,Jat
Joc,Ted,Liz,,Zac,Sid
Ola,Bob,Joe,Lou,Zac,Tom
Ula,Ted,Joe,Lou,Sue,
Ula,Bob,Gay,Boo,Lyn,Jed
Jim,Bud,Sal,Boo,Zen,Jat
Ida,Ted,Dee,Jen,Zen,Jed
Jim,Sol,Gay,Zoe,Edd,Rob
Ula,Ida,Dee,,Sue,Sid
Ola,Abe,Joe,Boo,Lyn,Jan
,Bud,Sal,Ira,Zen,Sid
Jim,Bud,Dee,Lou,,Jan
Jim,Abe,,Dee,Zen,Jan
Buz,Sol,Bea,,,Sid
,Ted,Oma,Zoe,Zac,Sid
Ula,Sol,Sal,Lil,Ben,Sue
Doc,Ida,Oma,Jon,Edd,Sam
Ida,Bob,Eli,Boo,Zac,Sid
Len,Abe,Liz,Jon,Zac,Jan
Ida,Abe,Liz,,Zac,Jed
Doc,Ida,,Jen,,Sam
Doc,Bud,Dee,,Lyn,Jed
Joc,Bud,,Lil,Edd,
Buz,Tim,Sol,Dee,Sue,Sam
Jim,Bud,Sol,Boo,Lyn,Jan
Ida,Abe,Dee,,,Rob
,Tim,Sal,Lil,Zen,
Jim,,Eli,,Zen,Tom
Doc,Ida,Bea,,,Sid
Joc,Bud,Liz,Zoe,,Sid
Doc,Mat,Dee,Ira,Sue,Tom
Jim,Abe,Liz,Jon,Lyn,
Jim,Ted,Liz,,,Jan
Ida,Uma,Sol,Jen,,Rob
Doc,Mat,Dee,Lil,Les,Sam
Jim,Tim,Bea,Jon,Lyn,Jed
Buz,Bob,,Lou,Zac,
Ida,,Sal,Boo,,Jed
Doc,,Gay,Lou,Les,Sam
,Uma,Sol,Lou,Zac,Sue
Ola,Bob,Gay,,Zen,Sid
Joc,Bob,Eli,Dee,Lyn,Sue
,Uma,Joe,Jon,,Jat
Doc,Mat,Sol,Dee,Sue,Rob
Doc,Uma,Joe,Lil,Zac,Jed
,,Gay,Zoe,Lyn,Rob
Ula,Sol,Dee,Ira,,Jan
Joc,Bob,Joe,Dee,Edd,Sid
Ola,Bob,Liz,,Zac,Rob
Ula,Abe,Dee,Jon,Lyn,Jan
Ida,Bob,Oma,,Lyn,
Ola,Ted,Sol,Jon,Les,Amy
,,Bea,Jen,,Sid
Len,,,Ira,Sue,
Joc,,Gay,Lou,Les,Jed
Jim,Tim,Joe,,,Jan
,,Gay,Ira,,Tom
Doc,Bob,Gay,,Ben,Jed
Joc,Ted,,Jen,Edd,Jat
Joc,Abe,Sal,Jen,Les,Jat
Ida,Bud,Eli,Dee,,
Jim,,,Jon,,Jan
Ula,,Eli,Lou,Sue,Jat
Ula,Ted,,Boo,Zen,
,Tim,Sol,Zoe,Zac,Rob
Joc,Ida,Bea,,Sue,Amy
,Sol,Liz,Boo,,Jed
Ula,Bud,Eli,,,
Jim,Bud,Sol,Zoe,,Amy
Ida,,,,,Amy
Ida,Mat,Oma,Zoe,,Tom
Ola,,,Jon,Lyn,Jan
,,Liz,Lou,Lyn,Sid
,Ida,,,,Sue
Ida,,Bea,Ira,Zen,
Jim,Uma,,Lou,,Tom
,Abe,Joe,Lou,Zen,Rob
,Ida,,,Zac,
Jim,Tim,Dee,Jon,,Jed
Ida,Sol,,Lil,Edd,Sam
Joc,,Sol,Jen,Zac,Jan
Ida,Mat,Joe,Lou,Lyn,Jan
Jim,Sol,Gay,Ira,Zac,Sam
Jim,Bob,Joe,,Sue,Sid
Buz,Bud,Oma,Ira,Zac,Sid
Jim,Ida,Liz,,,Jat
Len,Ted,Gay,,,Amy
,Tim,Bea,Boo,Ben,Sam
Doc,Abe,,,Zen,
Buz,Tim,Joe,,Zen,
Jim,Sol,Sol,Dee,Ben,Sid
Buz,Tim,Gay,Ira,Sue,Amy
Ola,Ted,Gay,Lil,,Sid
Buz,Bob,,Jen,Sue,Jat
Doc,Sol,Gay,Jon,Ben,Amy
Jim,Mat,Sal,Jen,,Sam
,Mat,Bea,,Les,Amy
Buz,Uma,Gay,Dee,Ben,Sue
,Mat,Oma,Lil,,Amy
Jim,Bob,Liz,Ira,,
Ida,Uma,Dee,,Zen,Tom
,Sol,Sol,Dee,Lyn,Sam
Ida,Ted,Eli,,Zen,Rob
,,Sol,Dee,Les,Jed
Ola,Tim,Dee,Jen,,Sam
Buz,Bud,Oma,,Les,Jed
,Bob,Dee,,,Amy
,Sol,Sal,Jon,,Sue
Ida,Sol,Joe,Lou,,
Ola,Abe,Sal,,Ben,Jan
Joc,Bob,Sol,,Zac,Jat
Len,Abe,Bea,Zoe,,Sam
Doc,Ted,Dee,Jen,,Jan
Joc,Tim,Sal,Lil,Ben,Sam
Buz,Uma,Eli,Ira,Edd,Jed
Jim,Ida,Dee,Lil,Ben,Sid
,Uma,Joe,Ira,Edd,Amy
Doc,Ted,Gay,Dee,Sue,Tom
,Sol,Dee,Lil,,Rob
,Ted,Bea,,Zac,Jan
Joc,Mat,Sol,,Ben,Sue
Buz,Uma,Sol,Jen,Zac,
Jim,,Sol,Ira,Zac,Jed
Len,Abe,Joe,Jen,Lyn,Amy
Ula,Abe,Liz,Boo,Ben,Jed
Ula,Uma,Dee,Boo,Les,Sid
Ida,Sol,,Boo,Edd,Amy
Ula,Tim,,Dee,Zac,Jat
Ula,Bud,Dee,Jon,Lyn,Jed
,Sol,Dee,Ira,Sue,Jan
Buz,Sol,,Jen,Lyn,Sue
Ula,Sol,Joe,,Ben,Amy
Joc,Ted,Dee,Zoe,Sue,Rob
Doc,Tim,Dee,Ira,Les,Tom
Jim,Bob,Sal,Lil,,Rob
Doc,Abe,Joe,Lil,Les,Jat
Ola,Bob,,Lil,Lyn,
Ula,,Gay,,,Jan
Ola,Ida,Liz,Lou,Les,Tom
Buz,Mat,Sol,Dee,Ben,
Doc,,Liz,Zoe,Ben,Sam
Len,Bob,Sal,Ira,,Sue
Len,Sol,Gay,,Lyn,Sue
Ola,,Sol,Lou,Zen,Sam
Ida,Ida,,,Edd,Tom
Buz,Bob,Gay,Jon,Ben,Rob
Jim,Ida,,Lil,Zen,Tom
Ida,Sol,Eli,Dee,Zen,Sid
Joc,Bud,Dee,Lou,,Sid
Doc,Uma,Sal,Boo,,Sue
Jim,Mat,Gay,,Les,Sid
Jim,Uma,Oma,,Zen,Sue
Doc,Bud,,Jon,Zac,Rob
,Bob,Joe,Ira,Ben,Jed
Jim,Bob,Sal,Jon,Ben,Sid
,Abe,Sol,Jen,Ben,Sam
Ola,Tim,Eli,Dee,Lyn,Amy
,Ted,Sal,Ira,Sue,Jed
Joc,Uma,Bea,,Ben,Sue
,Bud,,,Les,Sue
Ula,Tim,Gay,Lil,Zen,Tom
Ida,,Liz,Jon,,Sue
Len,Mat,Bea,Jen,,
Ola,Ida,,Ira,Sue,
Jim,Tim,Joe,Ira,,Jat
Ula,Mat,Liz,Lou,,Amy
Jim,Bud,Joe,Jen,Edd,Jat
,Sol,Sol,Lil,,Jan
Doc,Mat,Liz,Boo,Les,Rob
Joc,Uma,Dee,Jon,,Sid
Joc,Abe,Eli,Boo,Ben,Tom
Joc,Bob,Eli,Dee,Lyn,Sue
,Bob,Joe,Lou,,Sue
Joc,Sol,Sol,Jon,,Jat
,Abe,Joe,Jen,Ben,Jed
,Uma,Oma,Jon,Les,Sam
,Ida,Liz,Dee,Zac,Jat
Ula,Bob,Gay,,Lyn,Sid
Ula,Mat,Dee,,Edd,Rob
Ola,Tim,Sol,,Ben,Jed
Len,Sol,Gay,Lil,Sue,Jat
Joc,Bob,Sol,Lou,Lyn,Sue
Doc,Bob,Oma,Jen,Sue,Jat
,Ted,Gay,Boo,Sue,Sam
Buz,Ted,Liz,Jen,Edd,Sid
Len,Ted,Liz,Ira,Edd,Sam
Buz,Uma,Oma,Jen,,Tom
Jim,Ted,Sol,Ira,Zac,Jed
Ida,Mat,Sal,Dee,,Amy
Ola,Abe,Oma,Jon,Ben,Jan
Buz,Sol,Sol,,Zac,Amy
Jim,Ida,Oma,Lil,,Sue
Buz,,Joe,Zoe,Ben,Sue
,Mat,Dee,Jon,,Jed
Buz,Ida,Joe,Jen,Ben,Jed
,Bob,Liz,Zoe,Ben,Tom
Buz,Sol,Oma,,Sue,Sid
Ula,Ted,Gay,Jen,Lyn,Rob
Ula,Abe,Oma,Dee,Edd,Jed
,Ida,Sal,Jon,,
Ida,Abe,Liz,Zoe,Sue,Sam
Ola,,Liz,Lil,Lyn,Sue
Jim,Ida,Dee,Jon,Edd,Sue
Len,Mat,Liz,Ira,,Jan
,Bob,Oma,Jen,Ben,Jed
Ida,,,Jen,,Rob
Len,Ted,Dee,Jen,Edd,Sam
Jim,Bud,Dee,,Edd,Jed
Jim,Sol,Bea,,Lyn,Rob
Ola,,Bea,Lil,Ben,Rob
,,Sol,Zoe,Zen,Jat
Doc,Bud,Bea,Boo,Edd,Sid
Ula,Sol,Sal,Dee,,Sam
Ida,Bud,Joe,Dee,Zac,Jat
Doc,Mat,Eli,,Zen,Sid
Len,Tim,Sol,Ira,Zac,Jan
Buz,Ida,Eli,Lou,Lyn,Tom
Doc,Bob,Dee,Zoe,,Sam
Joc,,Gay,Jen,Edd,Jan
Doc,Abe,Joe,Lil,,Jan
Ola,Abe,Gay,,Zac,Sue
Ula,Uma,Oma,Dee,Sue,Sam
Ula,Tim,Oma,Lou,Edd,Jan
Buz,Sol,Gay,Lil,,Jat
Doc,Ted,Liz,Ira,Les,
Jim,Bud,Sol,Jon,Zen,Jed
Ola,Mat,Dee,,,Jan
Joc,Sol,Eli,Jen,Lyn,Sid
Joc,,,Ira,Zen,Sam
Ola,,Sol,Dee,,Amy
Buz,Uma,Liz,,,Tom
,,,Boo,Zen,Jat
Ida,Tim,,Jon,,Sid
,Tim,Sol,Ira,Zen,
Buz,Bud,Joe,Boo,Zac,Sam
Doc,Sol,Sal,Jen,,Jed
,Ida,Bea,Lil,Sue,Sam
Ola,Uma,Bea,,,Tom
,Ted,Gay,,Zen,Jed
Buz,Uma,Eli,Ira,Lyn,Jat
,Ida,Oma,Lou,,Sid
Ola,Sol,Dee,Jen,,
,Bud,Eli,,,Tom
Buz,Bob,,Dee,Zac,Jed
Doc,Tim,Gay,Lou,Zen,Tom
,Tim,Eli,,Sue,Sam
Ola,Mat,Sol,Boo,Edd,Amy
Ola,,Gay,Lil,Les,Sid
Len,Sol,Sal,,Zen,Jan
Jim,Ted,Sal,Boo,,Sue
Len,Tim,Joe,Jen,,Sid
Ola,Tim,Dee,,Zen,Jan
Ola,,,Boo,Sue,
Ida,Abe,Joe,Ira,Ben,Jan
Jim,Bud,Oma,Lil,Edd,
Ula,Ida,Eli,Jon,Zac,Jan
Ula,Ted,Bea,Jon,Sue,Jed
Len,,Joe,Lil,Ben,Jed
Joc,Bob,Eli,,,Sam
Doc,,Dee,Lil,Les,Jat
Ola,Bud,Bea,Boo,,Sue
Jim,Ida,Dee,Ira,,Sid
Doc,Mat,Eli,Lil,Zac,Rob
Doc,Bob,,Jon,Zac,Jed
,Tim,Liz,,,Rob
Ida,Bud,Eli,Dee,Edd,Jed
Len,Sol,Joe,Boo,Zac,Jan
Doc,,Bea,,Edd,Rob
Ola,Bud,Gay,Dee,,Amy
,Mat,Dee,Dee,Edd,Amy
Ola,Bud,Oma,Lil,,Jan
Buz,Mat,Eli,Dee,Les,
,Sol,Gay,Zoe,,Tom
Buz,Mat,Dee,Jen,,Jat
Joc,Tim,Eli,Lou,Lyn,Sue
Ola,Sol,Sol,,Edd,Jed
,Bud,Liz,Zoe,,
,Mat,Dee,Lil,Zen,Rob
Joc,Abe,,Jon,Ben,Tom
Doc,Ida,Gay,Jon,Sue,Jan
Ula,Ida,Eli,Jon,Zac,Sid
Ola,Sol,Sol,Jon,Les,Rob
,Ida,,Dee,Les,
Ola,Bud,Liz,Lil,Zen,
Joc,Sol,Liz,Zoe,Les,Amy
Len,Ida,Oma,Ira,,Tom
Doc,Mat,Sol,Boo,Edd,Jan
Jim,Bob,Dee,Boo,Les,
Ola,Mat,Dee,Dee,Les,Sam
,,Bea,,Zen,Jan
Doc,,Sal,Jon,Zac,
Ida,Ted,Bea,Dee,Ben,Sid
Joc,Ida,Gay,Zoe,Edd,Jed
Ola,Ida,Joe,Jon,,Jan
Doc,Mat,Sal,,Edd,Sid
,Tim,Eli,Jen,Zac,Jed
,,Bea,Lou,Ben,Tom
Ula,Tim,Dee,Boo,Edd,Sam
Ula,,Gay,Lou,Les,Jan
,Uma,Liz,,,Amy
,Ida,,,Lyn,Sue
,Tim,Liz,Jen,Sue,Jan
Ida,Ted,Dee,Lou,Zen,Sam
Len,Abe,Sol,Zoe,,Jed
Ida,Bud,Dee,Boo,,Jan
Len,Ida,Oma,Lou,Zen,Tom
,Ted,Oma,Ira,,Amy
Jim,Abe,Bea,,Lyn,Jed
Buz,Bob,Oma,Zoe,Les,Tom
Jim,Tim,,Lil,,Sid
Buz,,Dee,Ira,Zac,Sue
Buz,Ted,Sol,Jen,,Rob
,Bob,,,Lyn,Sam
Len,Ida,Oma,Lou,Zen,Jat
Jim,,Dee,Jon,Les,Sam
,Sol,Bea,Lou,Ben,Amy
Buz,Ted,Gay,,,
,Tim,Eli,,,Rob
Ida,Uma,Gay,Dee,Zen,Tom
Buz,Ida,Sal,Dee,Zac,Jed
,Bud,Oma,Jon,Edd,Sue
Jim,,Oma,Jon,Lyn,Sid
Jim,Ida,Joe,Lou,,Amy
Jim,Sol,Liz,Jen,,Sid
Ola,Bud,Sal,,,Jed
Doc,Uma,Joe,Jen,,Jan
Doc,Bud,Gay,,Ben,Sid
Ula,Mat,Sal,,,Jan
Buz,Tim,Sal,Zoe,Zen,Sam
Doc,Tim,Joe,,,Rob
Buz,Bud,Sol,Dee,,Sam
Jim,Ted,Sal,Lou,,Rob
Ola,Tim,Eli,,,Rob
,Uma,Sol,Boo,,Jed
Ula,Bob,Oma,Jen,,Jed
Jim,Ida,Joe,Zoe,Zac,Amy
,Ida,Liz,Zoe,,Tom
Ula,Ted,Liz,Jen,,Sam
Joc,Bud,Dee,Jen,Les,Sam
Ola,Bud,Sal,,,Sid
Ola,Ida,,Lou,Sue,Jed
,Sol,Sol,Dee,Zen,Jan
,Ted,Bea,Boo,,Jan
Doc,Tim,Sal,Lil,Zac,Jed
,Abe,Sal,,,Sid
Buz,Sol,Eli,Dee,Ben,Sam
,Bob,Sol,Lou,Zac,Rob
Len,Sol,Joe,Zoe,Edd,Rob
Ida,Bud,Oma,Zoe,,Sam
,Ida,Joe,Lil,Lyn,Rob
Ola,Sol,Sol,Ira,Lyn,Sam
Jim,Uma,Dee,Dee,Ben,Rob
Buz,,,Zoe,Zen,Sam
Joc,,Gay,,,Jan
Ola,Sol,Liz,,Edd,Jat
Buz,Mat,Gay,Jen,Zac,Amy
Len,Ted,Gay,Lil,Edd,Jan
Len,Mat,Oma,Boo,,Sam
Ula,Ida,Oma,Zoe,Zen,Sue
,Mat,Bea,Jen,,Sue
Ida,,Joe,Lou,Edd,Amy
Buz,Sol,Oma,,Zac,Sue
Ola,Ted,,Lil,Les,Jed
Jim,Ida,Dee,Lil,Zac,Jat
Jim,Bud,Eli,Jen,Lyn,Jat
Ula,,Joe,Jen,,Jat
Ida,Tim,Oma,Jen,,Sid
Ida,Uma,Bea,Lou,,Jan
Buz,Ted,Eli,Jon,Les,Sam
Doc,Ted,Liz,Boo,Les,Amy
Buz,Ted,,,Ben,Tom
Len,Mat,Eli,Jen,Sue,Jed
Ula,Ida,Dee,,Edd,Tom
Buz,Abe,Joe,Ira,Les,
Jim,Uma,Sol,Dee,Ben,Rob
Joc,Sol,Oma,Boo,Ben,Rob
Doc,Bud,Eli,Jen,,Sue
Ola,Mat,Liz,Dee,,Sid
,Sol,Oma,Zoe,Sue,
Buz,Ida,Dee,Boo,Lyn,Jat
,Mat,Eli,,Lyn,Rob
Ola,Bob,Eli,Zoe,Zac,
Len,Ted,Liz,,Edd,Jat
Doc,Mat,Gay,Boo,Lyn,Jed
Doc,Tim,Eli,Boo,,Jan
Buz,Abe,Liz,Lou,,Tom
Doc,Ida,Dee,Ira,Les,Jed
Joc,,Liz,,Lyn,Tom
Ola,Ida,Dee,,Sue,Jed
Joc,Bob,Bea,Dee,,Jan
Ula,Ted,Liz,Boo,Sue,
Doc,Sol,Liz,,Les,Jed
Ula,,Dee,Ira,Edd,Sid
Ula,Ted,Sol,Ira,Edd,Sue
,Mat,Bea,Boo,Les,Rob
,Sol,Liz,,,Amy
Ula,Uma,,,Lyn,Sue
Doc,Sol,,,Ben,Sue
,Sol,Eli,,Sue,Sid
Ula,Mat,Dee,,Zen,
Ula,Bud,Oma,Lil,Edd,Rob
Buz,Ted,Gay,Zoe,Ben,Sid
Ida,Ted,,,Sue,Jed
Ola,Bud,,Lou,,Amy
,,Gay,Boo,,Sue
Len,Ida,,Jen,,Jan
Ola,Ted,Gay,,Ben,
Ola,,Dee,Zoe,,Jat
,Ida,Liz,,Sue,Jed
Len,Mat,Gay,Boo,Zac,
Ula,,Bea,Jen,Zen,Sue
Ola,,Eli,Ira,Zac,Tom
Doc,Bob,Dee,Ira,Ben,Sid
Len,Abe,Oma,Lou,Ben,
Len,Bud,Dee,Ira,Ben,Jat
,Mat,Gay,,Les,Sue
Doc,Ted,Gay,,,Sam
Doc,Ted,,Lil,Edd,Tom
Ola,Abe,Dee,Jen,,Sue
Doc,Uma,Bea,Lou,,Tom
Len,Ida,,,Zen,Rob
Ida,Abe,Bea,Dee,,Sam
Ula,Abe,Sol,Jon,,Amy
Len,Bud,Sal,,Les,Jed
,Mat,Liz,Dee,,Sam
Ola,Bud,Joe,,Zen,Jan
Doc,Bud,Gay,Boo,Zen,Amy
Ida,Sol,Gay,Jon,,Jat
Jim,Tim,Bea,Dee,Les,Amy
Ula,Bud,Joe,Dee,Les,Amy
Joc,Ted,Joe,Boo,Zac,Tom
Ola,Tim,Eli,Ira,,Jat
Len,Bob,,Dee,,Jan
Ula,Bud,Bea,Lil,Sue,Sid
Buz,Ted,Oma,Jon,Zac,Jed
Ula,Abe,Bea,Jon,,Jat
Ola,Sol,Sol,,Edd,Sam
,Abe,Liz,Ira,Lyn,
Ida,Bud,Liz,Ira,,Jan
Jim,Sol,Bea,,Zen,
Ola,Ted,Gay,Lil,,
Ola,Uma,Eli,Jon,Zac,Sue
Ida,Ida,,Lou,Lyn,Jan
Ida,Tim,Bea,,,Jed
Ola,Bud,Eli,Jon,Sue,Tom
Joc,Ted,Bea,,Ben,Jan
Ola,Bud,Joe,Dee,Lyn,
Ula,Tim,Sal,,Ben,Sam
Buz,Bob,Liz,Ira,Zen,Jed
Joc,Uma,Sal,Lou,Zac,Jan
Ida,Mat,Sol,Ira,Zac,Rob
Buz,,Sal,Lil,,Sid
Ida,Ted,Joe,Jen,Edd,Sam
Joc,Abe,,Ira,,
Ida,Tim,Gay,,,
Len,Uma,Oma,,Lyn,Jan
Doc,,Liz,,,Jed
,Uma,Dee,Zoe,,Tom
Jim,,Liz,Lil,Zac,Rob
Doc,Abe,Gay,Boo,,Jed
,Bud,Sal,Ira,Les,Jed
Ula,Uma,Joe,Ira,,
Len,Uma,Oma,Lou,Ben,Sam
Joc,Sol,Dee,Dee,Zac,Rob
Ula,Bud,Joe,Zoe,Ben,Jed
Jim,Bob,Bea,Zoe,Lyn,Sue
Ola,Bud,Sal,Lou,,Sid
Ola,Tim,Liz,Boo,Edd,Rob
Doc,Tim,,Ira,Ben,Tom
Ula,Mat,Gay,Dee,Ben,Amy
Buz,Bud,Liz,Jon,Zen,Jan
Doc,Abe,Liz,Ira,Les,Sid
Ida,Sol,Joe,Jon,Edd,Sam
Jim,Bob,Joe,Ira,,Jat
,Bud,Sal,Boo,,Sid
Len,Bud,Eli,Lou,,
Doc,,Joe,Boo,Lyn,Rob
Buz,,Joe,,Ben,Amy
Joc,Tim,Liz,,Edd,Amy
Doc,Abe,Oma,,,Sid
,Mat,Eli,Zoe,,Amy
Ula,Ted,Bea,Jen,Edd,Sam
Buz,Mat,Sal,Dee,Zen,Sam
Ida,Mat,Sal,Lou,Zen,Rob
Buz,Ida,Bea,Boo,Les,Jed
Buz,Abe,,,,Amy
Jim,Sol,Bea,Lou,Sue,Tom
,,,Jon,,Sue
Joc,Mat,Eli,Dee,Zen,Sue
Ola,Bob,Eli,Dee,Zac,Rob
Doc,Bud,Sol,Ira,Zen,Amy
,Uma,Oma,Lil,Zac,Sid
Buz,Uma,Dee,Lil,Zen,
Jim,Bud,Gay,Zoe,Zac,Jed
Ola,Uma,,Lil,Edd,
Joc,Bud,Gay,,,Sam
Joc,Bob,Dee,Dee,Zen,Tom
Ula,Bob,,,Zac,Sam
Ola,Uma,Oma,,Sue,Amy
Ola,Bob,Bea,Dee,Sue,Rob
Joc,Sol,Oma,Jen,Les,
,Ted,Eli,Jon,,Jat
Ola,,Oma,Boo,Zen,Jat
Ula,Bud,Sal,Zoe,Ben,Tom
,Ida,,Ira,Zen,Jat
Ola,Uma,,Dee,,Jan
Doc,Tim,Oma,Lil,Edd,Jan
Ula,Uma,Joe,Boo,Sue,
Len,Uma,Liz,Lil,,Amy
Ula,Ida,Sol,,Zac,Jan
Ula,Abe,Oma,Dee,,Sid
Buz,Ida,,Zoe,Ben,Sue
Len,Bud,Eli,Boo,Edd,Sue
Joc,,Oma,Lou,,Jed
Ula,Abe,Dee,,,Jed
Len,Mat,,Boo,Sue,
Ula,Mat,Joe,Lou,Zen,Sue
Jim,Sol,Liz,Jen,Edd,Sam
Len,Abe,,Jon,,Jat
Joc,Ida,Bea,Dee,,Jed
Doc,Mat,Oma,Jen,Zac,Tom
Ola,Bob,,Jen,,Tom
,Abe,Sol,Boo,,Rob
Ula,Abe,Joe,Ira,Zen,
Ida,Bud,Eli,Zoe,,Sue
,Sol,,Ira,,Jan
Ida,,Sal,,Ben,Jat
Doc,Sol,Oma,Zoe,Zac,Sid
,Bud,Liz,Dee,Zac,Rob
Ola,Mat,Bea,Lil,Les,Sam
Ula,Uma,Joe,Ira,,Sid
,Abe,Liz,Jen,Zac,Jed
Ida,Mat,Dee,Jen,,Sue
Jim,Bud,Sol,Dee,Les,Jat
Ola,Ted,Dee,Boo,Lyn,Rob
Len,Sol,,Jon,Les,
Ola,Ted,Eli,Lil,Les,Jan
Buz,Sol,Sal,Jon,,Sam
Buz,Abe,Sol,Lou,,Sue
Doc,Bud,Sol,,,Jat
Ida,Abe,Sal,Lil,,Tom
,,,Lou,Les,Sam
Len,Mat,Sol,Lou,,Sam
Ola,Sol,Eli,Lou,,Tom
Joc,Bud,Eli,,,Sue
,Bud,Dee,Lou,Zen,Jed
Joc,Tim,Joe,Zoe,Les,
Ula,Bud,Joe,Dee,,Sam
Doc,Ida,Oma,Lou,,Sam
Doc,Bud,Eli,Jon,Lyn,Jat
Ula,Mat,Bea,Jon,Sue,Rob
Doc,Abe,Joe,,Sue,Jed
Doc,Uma,Sol,,Edd,Rob
,Bud,Sol,Zoe,Les,Jed
Ola,Ted,Eli,Boo,Lyn,Sue
Jim,Abe,Sol,Dee,Edd,Jan
Joc,Bud,Bea,Boo,Zac,Amy
Ula,Tim,Sal,Boo,,Jan
Joc,Mat,Dee,Lil,Zac,Jat
Jim,Tim,Liz,Ira,,
Jim,Sol,Dee,Ira,Edd,Amy
Joc,Abe,Oma,Lou,,Sid
Jim,Ida,Gay,Ira,Ben,Jan
Len,,Dee,Dee,Sue,Sam
Doc,Sol,Joe,,Zac,Jat
,Tim,Gay,Jon,Edd,Tom
,Bob,,Dee,,Amy
Len,Abe,Liz,Dee,,Sid
Ola,Sol,Oma,Dee,Edd,Sue
Joc,Tim,Joe,Jon,Ben,Jat
Buz,Mat,Liz,Dee,Zac,Amy
Buz,Ted,Bea,Lou,,Rob
Buz,Mat,Bea,Dee,Lyn,Tom
Ida,Tim,Dee,Ira,Sue,Sue
Buz,Sol,Eli,Boo,,
Buz,Ida,Sal,,Les,Sid
Ula,Bud,Joe,Ira,,Jan
,Mat,Sol,Zoe,,Sid
Buz,Ted,Dee,Zoe,,Jed
,Bob,Oma,,,Sue
,Bud,Gay,Lil,Ben,Sue
,Tim,,Lou,Ben,Tom
,Bud,Joe,Jon,,Rob
,Uma,Eli,Jen,Zac,Rob
Ida,,Sol,,Ben,Jat
Joc,Mat,Bea,Boo,Edd,Rob
Jim,Tim,Eli,,Edd,Sue
Ola,Abe,Dee,Jon,Edd,Jan
Jim,Abe,Gay,Ira,Lyn,Jed
,Uma,Bea,Lou,Lyn,Sue
,Sol,Dee,Lil,,Jed
,Mat,Sal,Ira,Zac,Sue
,Sol,Bea,Ira,Zen,Rob
Ida,Uma,Oma,Jon,Zen,Tom
,Ted,Gay,Jen,Edd,Sam
Buz,Abe,Gay,Jen,,Jed
Len,Ted,Eli,Boo,Sue,Jan
Jim,Tim,Joe,,Zac,Amy
Ula,Sol,Oma,,,Jan
Len,Bob,Liz,,Lyn,Amy
Joc,Ted,Sal,Jon,Les,Sid
Ida,Bob,Sal,,,Sid
Ula,Ida,Sal,Dee,,Tom
Ula,Ida,Sal,Dee,Les,Jed
Joc,Tim,Gay,,,
Buz,Bud,Dee,,,Sid
Len,Tim,Gay,Boo,Sue,Jat
Len,Bob,Gay,Lil,Zac,Rob
Ula,Abe,Joe,Lil,Zac,
Ida,Ida,Joe,Jen,,Sid
Buz,Bob,Gay,Lil,,
Buz,Uma,Bea,,,Tom
Ida,Mat,Sal,Lou,Zac,Sam
,Abe,Sal,Lil,Lyn,Rob
Jim,,Eli,,Zac,
Ida,Bob,,Lou,,Sid
Ula,Mat,,Zoe,Edd,Jan
Doc,Mat,Eli,Lou,Edd,Tom
,Mat,Oma,Lou,Lyn,Tom
Ola,Ida,Gay,Ira,,Amy
Ida,Abe,Gay,Zoe,,Rob
Jim,Bob,,Jon,,Jan
Len,Sol,,,Edd,Sid
Joc,Tim,Eli,Jen,,Jat
Len,Ida,Sal,Jon,Lyn,Jan
Ula,Bud,Liz,Jen,,
,Mat,Dee,Jon,Edd,Sue
Doc,Bob,Bea,Lil,Les,Jan
Ola,Bud,Liz,Dee,Sue,Sam
,Uma,,Dee,,Sid
Ola,Bob,Bea,Jen,Zac,Jed
Ula,Tim,Liz,,Zac,Jat
Joc,,Sol,,Sue,Jed
Ola,Abe,Bea,Jon,Zac,Jan
Buz,Bob,Liz,Lou,Lyn,Jat
,Ted,Gay,,,Sue
Joc,Ida,Oma,Boo,Zen,Amy
Len,Abe,Liz,Dee,Sue,Sam
Jim,Mat,,Ira,Edd,Jat
Doc,Mat,,Ira,,Tom
Buz,Bud,Joe,,,Sid
Buz,Ted,Eli,Boo,,Sam
Ola,,Bea,,Zen,Sam
Doc,,Bea,Dee,Lyn,Jed
Ula,Mat,Joe,Lou,Lyn,Rob
,Bob,Gay,Boo,Zen,Amy
Ida,Mat,,Zoe,Lyn,Jat
Buz,Ted,Gay,,Zac,Jat
Joc,Tim,Oma,Ira,Ben,Amy
Ida,Mat,Bea,Ira,Ben,Sue
Jim,Sol,Bea,Lil,Les,
,Tim,Oma,Dee,Zen,Rob
Ula,Abe,Bea,Dee,Zen,Jed
Ola,Tim,Liz,,Zac,Tom
Buz,Mat,Dee,Jon,,
,Tim,Dee,Lil,Edd,Amy
Buz,Ted,Sal,,Zen,Tom
Joc,,Oma,Ira,Ben,Jat
Ula,Tim,Bea,Ira,Zac,Jat
Doc,Ted,Joe,Dee,Lyn,Amy
Ida,Abe,Bea,,Ben,
Jim,Sol,Liz,,,Sid
Jim,Tim,Liz,Ira,Ben,Sid
Buz,Sol,Dee,Jen,Edd,Rob
Jim,Ida,Joe,,Edd,Jat
Ida,Bud,Eli,Zoe,Zen,Jan
Len,Ted,,Jon,,Jed
Ida,Bud,Eli,Jon,,
,Sol,Joe,,Ben,Sue
Ula,Sol,Oma,Zoe,Zac,Sid
Ola,Bob,Dee,Ira,Lyn,Amy
Joc,Abe,Dee,Lil,Sue,Rob
,,Eli,,,Rob
,Ida,Gay,,Zen,Sue
Jim,Uma,Eli,,,Rob
Joc,Tim,Gay,Boo,Edd,Jat
,Bob,,,Edd,Jat
Ola,Bob,Sol,Boo,Lyn,Jan
Ida,Mat,Oma,Boo,Ben,Jed
Doc,,Sal,Jon,Zac,Sid
Len,Abe,Gay,Boo,Edd,Jat
Len,Abe,Eli,,Sue,Jan
Buz,Mat,Joe,Lil,,Jat
Len,Tim,Eli,Jon,Les,Sue
,Bud,Eli,Jon,Zac,Rob
Buz,Bud,Bea,Zoe,,Sam
Joc,Ida,Sol,Jen,Les,Sue
Len,Ida,,Jen,Les,Amy
Len,Abe,Liz,Jen,Zen,Sam
,,Joe,Jen,Les,Sam
Doc,Abe,Eli,Lil,,Sid
Ula,Sol,Liz,,Les,Tom
Ola,Uma,Eli,Boo,,Jan
Buz,Bud,Liz,Jen,Zen,
Len,Bud,Sol,Jon,,Rob
Ida,Sol,Joe,Jon,,Rob
Doc,Mat,Joe,Boo,Zac,Sid
Len,Abe,Bea,Lil,Sue,Amy
,Uma,Gay,,Zen,Sid
Buz,Abe,Eli,Lil,Ben,Sue
Ola,Ted,Gay,,Les,
Jim,Sol,Sol,Lou,Ben,Jan
Doc,Bud,Eli,Ira,Zen,Rob
Ula,,Eli,Boo,Sue,Sid
Joc,,Eli,Jen,Ben,Rob
Ula,Tim,,Ira,,Sam
Ula,,Oma,Dee,Sue,Amy
Ola,,,Lil,Lyn,Jat
Ida,Bob,Oma,Boo,Edd,Amy
,Mat,Oma,Jon,Lyn,Tom
Len,Bob,Oma,,,Sue
Len,Mat,,,Sue,Jat
Joc,Tim,Joe,Jen,Edd,Tom
Ola,Mat,Liz,Jen,Zac,
Joc,Sol,Liz,Zoe,Sue,
,Bob,Sal,Dee,Zac,Sid
Jim,Abe,Joe,Zoe,Ben,Jan
Ida,,Bea,Jon,Ben,Jan
Ida,Tim,Oma,,Sue,
,,Joe,Zoe,Lyn,Amy
Jim,,Oma,Zoe,Lyn,Sam
Buz,Sol,Oma,Dee,Ben,Jed
Ola,Sol,Joe,Jen,Edd,Rob
Ula,Ida,Bea,Boo,Sue,Jed
,Mat,Liz,Zoe,Ben,
Jim,Sol,Eli,Ira,Ben,Jed
Ola,Tim,Gay,Lil,,Jed
Ida,Mat,Joe,,Zen,Sue
Ola,Uma,Liz,Lou,Lyn,Amy
Ida,Abe,,Dee,Edd,Tom
Joc,Bob,Sol,Jen,Sue,Sue
Ida,Bud,,,Ben,Sam
Joc,Sol,Bea,Jon,Les,Sue
Buz,Sol,Liz,Lil,Edd,Jat
Len,Uma,Joe,Ira,Sue,Jed
Ola,Ted,Eli,,,
Ida,Ida,Eli,Lil,Ben,Jat
Doc,Uma,Oma,Lil,Ben,Tom
Buz,Ted,Dee,,Ben,Jan
Joc,Bob,Liz,,,Jan
Jim,Mat,Sal,Lil,,Rob
Ida,Bob,Sol,,Zen,Sue
,Mat,Joe,Jen,Lyn,Jed
Ida,Tim,Liz,Lil,,Sue
,Bob,,,,
Joc,Mat,Oma,Lil,Edd,Jan
,Uma,Joe,Zoe,,Jat
Len,Ida,Liz,,Les,
,Mat,Oma,Jen,Lyn,Amy
Joc,Mat,Dee,Jon,Ben,Rob
Jim,,,Dee,Sue,Tom
Doc,Abe,Liz,Ira,Les,Tom
Joc,Uma,Eli,Lou,,Jan
Ula,Ted,Eli,Jen,Zac,Sue
Len,Bud,Dee,,,Sue
Joc,Bud,Bea,Dee,Edd,Tom
Doc,Bud,Bea,Zoe,,Jan
Buz,Abe,Sol,Dee,Edd,Jed
,Sol,Sal,Zoe,Les,Amy
Ida,Bud,Sal,,,Jat
Ula,Bud,Eli,Lou,,Jan
Jim,Bob,Gay,Jon,Les,Tom
,,Sol,Zoe,Edd,
Doc,Bob,,Lil,Sue,Sue
Jim,,Sal,Zoe,,Sid
Ula,Uma,Bea,Jen,Sue,Jed
Ida,Sol,Oma,Dee,Les,Jan
Buz,Mat,Gay,Jen,Zen,Sue
Jim,Mat,Oma,Jen,Zac,Sam
Ola,Ida,Gay,Jon,Zac,Tom
Len,Bob,Liz,Lou,Edd,Sue
Buz,Mat,Eli,Jon,Zac,Jed
Jim,Ted,Eli,Boo,Lyn,Jed
Ida,Sol,Sol,Lil,Zen,Sam
Doc,Abe,Gay,Lil,,Sue
Doc,Bob,Dee,Jen,,
,Ted,Liz,Lil,,Amy
,Tim,Gay,Jen,Zac,Jat
,Bob,Dee,Jen,Zen,Sue
Joc,Sol,Oma,,Zac,Rob
Buz,Sol,Sol,Lou,Les,Rob
,,Liz,,Edd,Jat
Jim,Sol,Sol,Lou,,Jed
,Ted,Dee,Boo,,Jat
Ula,Abe,,Jen,Sue,
,Tim,Eli,Zoe,Lyn,Jan
,,Liz,,Ben,Tom
Len,Ted,Eli,Zoe,Zac,Sid
Joc,Mat,Gay,Lil,Zac,Tom
Len,Tim,Sol,Lil,Lyn,Rob
Len,Uma,Liz,Lil,Ben,Jed
Buz,Bud,Gay,Ira,Zac,Amy
Ola,Ted,Eli,Jen,Edd,Amy
Doc,Tim,Sal,Zoe,Sue,Tom
Joc,Ted,,Jen,Les,Tom
Buz,Tim,Joe,,Lyn,Rob
Jim,Bud,Joe,Jen,Sue,Sam
Jim,Sol,Gay,Jen,,Sam
,Uma,Liz,Jon,Edd,Sam
Buz,Bob,Oma,Jon,Zac,Jat
Buz,Bob,Dee,,Zac,Amy
Ida,Ted,Gay,Zoe,,Amy
Len,Uma,Dee,Dee,Zac,Rob
,Tim,Eli,Lil,Sue,Jat
Ula,Tim,Bea,Dee,Zen,Sam
Ula,Bob,Sol,Dee,,Rob
,,Liz,,Zen,Tom
,Tim,Bea,Zoe,Zac,Rob
Jim,Abe,Sal,Dee,,Jat
Len,Bud,Sol,Lil,,Jan
Doc,Uma,Bea,Jen,Zen,Jat
Ula,Bud,Sol,Zoe,Les,Amy
,Bud,Joe,Boo,Edd,Sue
Doc,Ida,,Dee,Sue,Jed
,Uma,Oma,Dee,,Sue
,Sol,Sal,Jon,Zen,Sam
Ula,Sol,,Boo,,Sue
,Tim,Oma,,Zac,Jed
Buz,Mat,Oma,Zoe,,Amy
Ida,Uma,Eli,Ira,Lyn,Rob
Buz,Sol,Liz,Jen,Zac,Sue
,Tim,Oma,Boo,Ben,Sue
Len,Tim,Sal,Ira,Lyn,Rob
,Uma,Liz,Zoe,Les,Rob
Buz,Uma,Gay,Lou,,Amy
Ola,Bud,Joe,Lil,Ben,Jat